"","names","nos"
"1","Takvorian","32778"
"2","koshiro","31184"
"3","takodori","22030"
"4","T_O_C_H","37291"
"5","busybee","28561"
"6","randywu","38380"
"7","Tellmarch","30350"
"8","Wwwshogipl","42584"
"9","SleepingChinchilla","29741"
"10","Francis Fahys","32207"
"11","Kirin","37863"
"12","Galdian","42609"
"13","Ray Garrison","10407"
"14","FFFLUFFFYYY","43055"
"15","minilord","18699"
"16","www_triceps_at","41572"
"17","gamesorry","24806"
"18","David Rockwell","5089"
"19","Kerry Handscomb","2652"
"20","Liza_Insane","42398"
"21","egosofico","29964"
"22","Portella","30823"
"23","kingofthebesI","21113"
"24","Richard Malaschitz","1002"
"25","Adam Szlachta","22376"
"26","ypercube","1728"
"27","kuroneko","25495"
"28","startstek","16168"
"29","Elsabio","29609"
"30","Kaser","22517"
"31","Martyn Hamer","25273"
"32","Christian K","22044"
"33","MRFvR","10193"
"34","mungo","13273"
"35","kyle douglas","11124"
"36","adrianwoo","22026"
"37","JacekzKrakowa","29352"
"38","eobllor","30763"
"39","Arty Sandler","17500"
"40","Zandor","8262"
"41","Tommah","21207"
"42","Maurizio De Leo","3380"
"43","Nathanel","39091"
"44","Fredzio","43101"
"45","stst77","26575"
"46","Bernhard Herwig","3324"
"47","Rob","2467"
"48","Telestes","3540"
"49","Lukas1","42073"
"50","cutecat","15411"
"51","orgg","30369"
"52","hershoff","25942"
"53","eaeaeapepe","4591"
"54","Nacional Montevideo","14217"
"55","Joe66","43091"
"56","Dong-Seup Hyun","4303"
"57","Ralf Schoenfeld","15069"
"58","poncegomes","37871"
"59","jugular","2813"
"60","m273cool","28127"
"61","piotrf","37822"
"62","dimitris","15183"
"63","tasior1230","37676"
"64","DavidStoner","40436"
"65","lin1234","3594"
"66","Nate","3051"
"67","David J Bush","1607"
"68","William Fraser","35144"
"69","Carroll","8636"
"70","Henrik Sjøl","9677"
"71","Siloxane","37970"
"72","bennok","2883"
"73","andy99","14608"
"74","Thomas","1400"
"75","kfiecio","14325"
"76","Tori Watson","43131"
"77","alihv","27712"
"78","Diamante","10675"
"79","gridgo","38774"
"80","Jonas","16590"
"81","petesk","43263"
"82","ponczek","37900"
"83","Ziper","4982"
"84","jytou","27317"
"85","Dustin","7830"
"86","matjazo","12548"
"87","richyfourtytwo","11811"
"88","Phil","13376"
"89","Xavier Jimenez","27763"
"90","Mignon","41836"
"91","Randolph King","1008"
"92","slaapgraag","7704"
"93","vstjrt","16512"
"94","bakashogi","43227"
"95","mirror_man2","22575"
"96","K4M1l","43275"
"97","Alex Ness","43052"
"98","cloudbank","36974"
"99","AleVale","40053"
"100","MaSieFi","43019"
"101","Marius Halsor","2259"
"102","Crelo","1935"
"103","NataliaBot","21214"
"104","aahii","39311"
"105","Micco","16207"
"106","mmKALLL","41793"
"107","Berni314","41179"
"108","Ricardo (Santos)","1622"
"109","charlesyzheng","43423"
"110","agt_the_walker","43204"
"111","gamestalker","7228"
"112","Fyksle","43144"
"113","skyw7","25125"
"114","panglott","42560"
"115","michelwav","21556"
"116","terry","9932"
"117","Anubis9","38145"
"118","fulai","41706"
"119","isketzo067","15269"
"120","batton","40406"
"121","jkr97","43315"
"122","grogro","38710"
"123","Joe","4449"
"124","eugene covell","11476"
"125","RoByN","15544"
"126","roki","13478"
"127","druelle","6694"
"128","furoku","22040"
"129","varcos","5894"
"130","Pittsburgh_Penguins","42890"
"131","Nacho Castro","21460"
"132","ZhugeLiang","43149"
"133","hrng","42958"
"134","aarondesk","23511"
"135","Lincoln_Imp","42790"
"136","AcetyleneLamp","42414"
"137","mr_yo","19012"
"138","Shuii","43498"
"139","krinid","6540"
"140","DooX","42110"
"141","deanthebean","40874"
"142","dead eye","6980"
"143","Russ Williams","16226"
"144","klaashaas","1373"
"145","Juan Vargas","20585"
"146","Paulzz","16629"
"147","bofinken","43147"
"148","Scott Arnold","39159"
"149","Michail","10564"
"150","Bubo","22394"
"151","Rosie","13704"
"152","Reiner Martin","2045"
"153","supertsumi","27239"
"154","Robert Butler","1274"
"155","WaningWolf","43192"
"156","stay","6149"
"157","FauxSloMo","30131"
"158","Shiptree","41977"
"159","maguire","20978"
"160","Xxchess","42781"
"161","Paolo Vigo","40060"
"162","harblcat","19727"
"163","Treppen","29234"
"164","WalkingSpear","18932"
"165","JustinH","42559"
"166","AnnA","13091"
"167","leandro","3967"
"168","ululu","31008"
"169","Booth","43348"
"170","Opolanin","43280"
"171","kkenny","42633"
"172","oogamirei","43158"
"173","sethmoko","43057"
"174","kaimitai","32591"
"175","Mojmir Hanes","1161"
"176","booksman","42095"
"177","elcharli","27449"
"178","Lelugri","42782"
"179","ferrarifeleches","15141"
"180","Graysongdl","43261"
"181","Rolle","3014"
"182","hostovich2014","38291"
"183","Berg","2781"
"184","Krzysztof (Chris)","4670"
"185","tangram","1204"
"186","goseji","25461"
"187","Myszcz","24445"
"188","Ayumi","41827"
"189","fogus","37895"
"190","Strange Yeah","22300"
"191","barefootony","20278"
"192","David Milne","4090"
"193","Glebius","42216"
"194","Raiman","42903"
"195","Aaron Coombs","21871"
"196","Miki","1660"
"197","kobuz","15941"
"198","Jose Geraldo Brito","8035"
"199","Hjallti","1053"
"200","LukenK","41971"
"201","tzes","20509"
"202","anybodyyyyy","7375"
"203","Miodrag Smiljevic","1168"
"204","Sff75A","24096"
"205","fesiri","43056"
"206","kavias","10414"
"207","MarekM","1014"
"208","daselva58","36089"
"209","blargdragon","16063"
"210","jansen","42386"
"211","apetresc","25808"
"212","jfpierce","21662"
"213","wojtek","15078"
"214","milesd","13513"
"215","David","10575"
"216","Chicagos","41647"
"217","Duke of Prunes","17303"
"218","mafko","20214"
"219","HayashiMinoru","20455"
"220","Radim Vozár","2205"
"221","pfafulous","21637"
"222","ioidafjea","42628"
"223","bloke","7644"
"224","CleverHunk steven cullum","4637"
"225","nemone","41360"
"226","Héctor Máximo Canteros","3648"
"227","pektan","42077"
"228","VinceS","20586"
"229","Kakuro","43110"
"230","JollyKR","42804"
"231","somar96","21402"
"232","BurningDesireFuzile","41721"
"233","bill","1503"
"234","ken1","23233"
"235","szymon","41073"
"236","AntonioMVB","39862"
"237","sembazuru","32386"
"238","dandolo","23159"
"239","Biggest_Loser","21615"
"240","Flegeton","38518"
"241","As","11361"
